CNN,STREET,ST_TYPE,NHOOD,CNNTEXT,shape
175000.0,03RD,ST,Financial District South,175000,"LINESTRING (-122.39583 37.781315, -122.39551 37.781055)"
174000.0,03RD,ST,Financial District South,174000,"LINESTRING (-122.39637 37.781746, -122.39583 37.781315)"
173000.0,03RD,ST,Financial District South,173000,"LINESTRING (-122.39683 37.782116, -122.39637 37.781746)"
172000.0,03RD,ST,Financial District South,172000,"LINESTRING (-122.39737 37.782547, -122.39683 37.782116)"
176000.0,03RD,ST,Financial District South,176000,"LINESTRING (-122.39551 37.781055, -122.39505 37.780697)"
177000.0,03RD,ST,Financial District South,177000,"LINESTRING (-122.39505 37.780697, -122.394615 37.78035)"
167000.0,03RD,ST,Financial District South,167000,"LINESTRING (-122.401474 37.785824, -122.40045 37.785027)"
171000.0,03RD,ST,Financial District South,171000,"LINESTRING (-122.39793 37.782993, -122.39737 37.782547)"
166000.0,03RD,ST,Financial District South,166000,"LINESTRING (-122.402016 37.786243, -122.401474 37.785824)"
170000.0,03RD,ST,Financial District South,170000,"LINESTRING (-122.39892 37.78378, -122.39793 37.782993)"
169000.0,03RD,ST,Financial District South,169000,"LINESTRING (-122.399445 37.78421, -122.39892 37.78378)"
168000.0,03RD,ST,Financial District South,168000,"LINESTRING (-122.40045 37.785027, -122.399445 37.78421)"
165000.0,03RD,ST,Financial District South,165000,"LINESTRING (-122.402565 37.786674, -122.402016 37.786243)"
164000.0,03RD,ST,Financial District South,164000,"LINESTRING (-122.403015 37.787018, -122.402565 37.786674)"
163000.0,03RD,ST,Financial District South,163000,"LINESTRING (-122.40342 37.787636, -122.40333 37.78727, -122.403015 37.787018)"
178000.0,03RD,ST,Financial District South,178000,"LINESTRING (-122.394615 37.78035, -122.39429 37.780087)"
262000.0,04TH,ST,Financial District South,262000,"LINESTRING (-122.39805 37.77956, -122.39752 37.77913)"
259000.0,04TH,ST,Financial District South,259000,"LINESTRING (-122.399605 37.78079, -122.39906 37.780357)"
250000.0,04TH,ST,Financial District South,250000,"LINESTRING (-122.40522 37.78526, -122.404785 37.784904)"
253000.0,04TH,ST,Financial District South,253000,"LINESTRING (-122.4037 37.78404, -122.402695 37.783253)"
261000.0,04TH,ST,Financial District South,261000,"LINESTRING (-122.39859 37.779976, -122.39805 37.77956)"
263000.0,04TH,ST,Financial District South,263000,"LINESTRING (-122.39752 37.77913, -122.39705 37.778748)"
264000.0,04TH,ST,Financial District South,264000,"LINESTRING (-122.39705 37.778748, -122.396515 37.77832)"
252000.0,04TH,ST,Financial District South,252000,"LINESTRING (-122.40425 37.784473, -122.4037 37.78404)"
254000.0,04TH,ST,Financial District South,254000,"LINESTRING (-122.402695 37.783253, -122.40168 37.782448)"
260000.0,04TH,ST,Financial District South,260000,"LINESTRING (-122.39906 37.780357, -122.39859 37.779976)"
255000.0,04TH,ST,Financial District South,255000,"LINESTRING (-122.40168 37.782448, -122.401146 37.78202)"
257000.0,04TH,ST,Financial District South,257000,"LINESTRING (-122.4006 37.78158, -122.40014 37.78121)"
249000.0,04TH,ST,Financial District South,249000,"LINESTRING (-122.405815 37.78574, -122.40522 37.78526)"
258000.0,04TH,ST,Financial District South,258000,"LINESTRING (-122.40014 37.78121, -122.399605 37.78079)"
256000.0,04TH,ST,Financial District South,256000,"LINESTRING (-122.401146 37.78202, -122.4006 37.78158)"
251000.0,04TH,ST,Financial District South,251000,"LINESTRING (-122.404785 37.784904, -122.40425 37.784473)"
913101.0,19TH,AVE,Inner Sunset,913101,"LINESTRING (-122.47667 37.757965, -122.476585 37.757904, -122.47646 37.75618, -122.47654 37.756104)"
910101.0,19TH,AVE,Inner Sunset,910101,"LINESTRING (-122.47716 37.763554, -122.47709 37.76345, -122.47695 37.761806, -122.477 37.761696)"
911101.0,19TH,AVE,Inner Sunset,911101,"LINESTRING (-122.477 37.761696, -122.47691 37.761578, -122.47674 37.75995, -122.4768 37.75983)"
920201.0,19TH,AVE,Parkside,920201,"LINESTRING (-122.47576 37.744915, -122.47581 37.7448, -122.4757 37.743168, -122.47563 37.743046)"
920101.0,19TH,AVE,Inner Parkside,920101,"LINESTRING (-122.47576 37.744915, -122.47569 37.74481, -122.47558 37.74317, -122.47563 37.743046)"
919201.0,19TH,AVE,Parkside,919201,"LINESTRING (-122.47589 37.746777, -122.475945 37.746666, -122.47582 37.74502, -122.47576 37.744915)"
918201.0,19TH,AVE,Parkside,918201,"LINESTRING (-122.47602 37.748642, -122.476074 37.74853, -122.47596 37.746883, -122.47589 37.746777)"
918101.0,19TH,AVE,Inner Parkside,918101,"LINESTRING (-122.47602 37.748642, -122.47595 37.74854, -122.47584 37.74689, -122.47589 37.746777)"
910201.0,19TH,AVE,Central Sunset,910201,"LINESTRING (-122.47716 37.763554, -122.47722 37.763443, -122.47708 37.761803, -122.477 37.761696)"
912101.0,19TH,AVE,Inner Sunset,912101,"LINESTRING (-122.4768 37.75983, -122.47672 37.759724, -122.47661 37.75808, -122.47667 37.757965)"
909101.0,19TH,AVE,Inner Sunset,909101,"LINESTRING (-122.477295 37.76544, -122.47723 37.765316, -122.477104 37.763668, -122.47716 37.763554)"
909201.0,19TH,AVE,Central Sunset,909201,"LINESTRING (-122.477295 37.76544, -122.47735 37.76531, -122.47724 37.763664, -122.47716 37.763554)"
911201.0,19TH,AVE,Central Sunset,911201,"LINESTRING (-122.477 37.761696, -122.47706 37.761574, -122.47688 37.759945, -122.4768 37.75983)"
919101.0,19TH,AVE,Inner Parkside,919101,"LINESTRING (-122.47589 37.746777, -122.47582 37.74667, -122.47571 37.745026, -122.47576 37.744915)"
915201.0,19TH,AVE,Central Sunset,915201,"LINESTRING (-122.47641 37.75424, -122.47646 37.754124, -122.47635 37.75248, -122.47628 37.752373)"
917201.0,19TH,AVE,Parkside,917201,"LINESTRING (-122.47615 37.750507, -122.476204 37.750393, -122.47609 37.74875, -122.47602 37.748642)"
917101.0,19TH,AVE,Inner Parkside,917101,"LINESTRING (-122.47615 37.750507, -122.47608 37.7504, -122.47597 37.748756, -122.47602 37.748642)"
916201.0,19TH,AVE,Parkside,916201,"LINESTRING (-122.47628 37.752373, -122.47633 37.75226, -122.47622 37.750618, -122.47615 37.750507)"
916101.0,19TH,AVE,Inner Parkside,916101,"LINESTRING (-122.47628 37.752373, -122.47621 37.752262, -122.4761 37.75062, -122.47615 37.750507)"
915101.0,19TH,AVE,Inner Sunset,915101,"LINESTRING (-122.47641 37.75424, -122.47634 37.75413, -122.47623 37.752483, -122.47628 37.752373)"
914201.0,19TH,AVE,Central Sunset,914201,"LINESTRING (-122.47654 37.756104, -122.4766 37.756042, -122.47648 37.754345, -122.47641 37.75424)"
914101.0,19TH,AVE,Inner Sunset,914101,"LINESTRING (-122.47654 37.756104, -122.47647 37.756046, -122.47636 37.75435, -122.47641 37.75424)"
913201.0,19TH,AVE,Central Sunset,913201,"LINESTRING (-122.47667 37.757965, -122.47674 37.7579, -122.476616 37.75617, -122.47654 37.756104)"
912201.0,19TH,AVE,Central Sunset,912201,"LINESTRING (-122.4768 37.75983, -122.47687 37.759716, -122.47675 37.758076, -122.47667 37.757965)"
3452000.0,BUSH,ST,Lower Pacfic Heights,3452000,"LINESTRING (-122.43237 37.78715, -122.43345 37.787014)"
3433000.0,BUSH,ST,Downtown - Tenderloin,3433000,"LINESTRING (-122.40712 37.790363, -122.407486 37.790318)"
3451000.0,BUSH,ST,Lower Pacfic Heights,3451000,"LINESTRING (-122.4318 37.787228, -122.43237 37.78715)"
3450000.0,BUSH,ST,Lower Pacfic Heights,3450000,"LINESTRING (-122.43015 37.787437, -122.4318 37.787228)"
3449000.0,BUSH,ST,Lower Pacfic Heights,3449000,"LINESTRING (-122.42851 37.787647, -122.43015 37.787437)"
3447000.0,BUSH,ST,Lower Pacfic Heights,3447000,"LINESTRING (-122.425224 37.788067, -122.42685 37.787857)"
3446000.0,BUSH,ST,Van Ness - Civic Center,3446000,"LINESTRING (-122.423584 37.788277, -122.425224 37.788067)"
3445000.0,BUSH,ST,Van Ness - Civic Center,3445000,"LINESTRING (-122.421936 37.788486, -122.423584 37.788277)"
3444000.0,BUSH,ST,Van Ness - Civic Center,3444000,"LINESTRING (-122.420296 37.788692, -122.421936 37.788486)"
3448000.0,BUSH,ST,Lower Pacfic Heights,3448000,"LINESTRING (-122.42685 37.787857, -122.42851 37.787647)"
3442000.0,BUSH,ST,Downtown - Tenderloin,3442000,"LINESTRING (-122.41701 37.789104, -122.41864 37.788906)"
3436000.0,BUSH,ST,Downtown - Tenderloin,3436000,"LINESTRING (-122.40796 37.790257, -122.408775 37.790154)"
3431000.0,BUSH,ST,Financial District North,3431000,"LINESTRING (-122.40556 37.79056, -122.40632 37.790466)"
3443000.0,BUSH,ST,Downtown - Tenderloin,3443000,"LINESTRING (-122.41864 37.788906, -122.420296 37.788692)"
3456000.0,BUSH,ST,Lower Pacfic Heights,3456000,"LINESTRING (-122.43838 37.78639, -122.44005 37.786175)"
3441000.0,BUSH,ST,Downtown - Tenderloin,3441000,"LINESTRING (-122.41536 37.789314, -122.41701 37.789104)"
3440000.0,BUSH,ST,Downtown - Tenderloin,3440000,"LINESTRING (-122.41371 37.789524, -122.41536 37.789314)"
3439000.0,BUSH,ST,Downtown - Tenderloin,3439000,"LINESTRING (-122.41206 37.789734, -122.41371 37.789524)"
3438000.0,BUSH,ST,Downtown - Tenderloin,3438000,"LINESTRING (-122.41042 37.789948, -122.41206 37.789734)"
3437000.0,BUSH,ST,Downtown - Tenderloin,3437000,"LINESTRING (-122.408775 37.790154, -122.41042 37.789948)"
3435000.0,BUSH,ST,Downtown - Tenderloin,3435000,"LINESTRING (-122.40785 37.79027, -122.40796 37.790257)"
3434000.0,BUSH,ST,Downtown - Tenderloin,3434000,"LINESTRING (-122.407486 37.790318, -122.40785 37.79027)"
3432000.0,BUSH,ST,Financial District North,3432000,"LINESTRING (-122.40632 37.790466, -122.40712 37.790363)"
3430000.0,BUSH,ST,Financial District North,3430000,"LINESTRING (-122.404755 37.79066, -122.40556 37.79056)"
3429000.0,BUSH,ST,Financial District North,3429000,"LINESTRING (-122.40439 37.790707, -122.404755 37.79066)"
3428000.0,BUSH,ST,Financial District North,3428000,"LINESTRING (-122.40432 37.790718, -122.40439 37.790707)"
3427000.0,BUSH,ST,Financial District North,3427000,"LINESTRING (-122.404015 37.790756, -122.40432 37.790718)"
3426000.0,BUSH,ST,Financial District North,3426000,"LINESTRING (-122.403656 37.790802, -122.404015 37.790756)"
3424000.0,BUSH,ST,Financial District North,3424000,"LINESTRING (-122.40237 37.790962, -122.40271 37.79092)"
3460000.0,BUSH,ST,Lower Pacfic Heights,3460000,"LINESTRING (-122.44501 37.785545, -122.44641 37.785366)"
3459000.0,BUSH,ST,Lower Pacfic Heights,3459000,"LINESTRING (-122.44336 37.785755, -122.44501 37.785545)"
3458000.0,BUSH,ST,Lower Pacfic Heights,3458000,"LINESTRING (-122.44171 37.78596, -122.44336 37.785755)"
3457000.0,BUSH,ST,Lower Pacfic Heights,3457000,"LINESTRING (-122.44005 37.786175, -122.44171 37.78596)"
3455000.0,BUSH,ST,Lower Pacfic Heights,3455000,"LINESTRING (-122.43674 37.786594, -122.43838 37.78639)"
3454000.0,BUSH,ST,Lower Pacfic Heights,3454000,"LINESTRING (-122.43509 37.786804, -122.43674 37.786594)"
3453000.0,BUSH,ST,Lower Pacfic Heights,3453000,"LINESTRING (-122.43345 37.787014, -122.43509 37.786804)"
3425000.0,BUSH,ST,Financial District North,3425000,"LINESTRING (-122.40271 37.79092, -122.403656 37.790802)"
4290000.0,COLUMBUS,AVE,Financial District North,4290000,"LINESTRING (-122.4055 37.79706, -122.40621 37.797554)"
4289000.0,COLUMBUS,AVE,Financial District North,4289000,"LINESTRING (-122.40527 37.796906, -122.4055 37.79706)"
4299000.0,COLUMBUS,AVE,North Beach,4299000,"LINESTRING (-122.41253 37.801926, -122.412895 37.802177)"
4298000.0,COLUMBUS,AVE,North Beach,4298000,"LINESTRING (-122.41136 37.80112, -122.41253 37.801926)"
4287000.0,COLUMBUS,AVE,Financial District North,4287000,"LINESTRING (-122.40405 37.79606, -122.404396 37.7963)"
4297000.0,COLUMBUS,AVE,North Beach,4297000,"LINESTRING (-122.41094 37.800827, -122.41136 37.80112)"
4291000.0,COLUMBUS,AVE,Financial District North,4291000,"LINESTRING (-122.40621 37.797554, -122.406654 37.79786)"
4296000.0,COLUMBUS,AVE,North Beach,4296000,"LINESTRING (-122.410194 37.800312, -122.41094 37.800827)"
4295000.0,COLUMBUS,AVE,North Beach,4295000,"LINESTRING (-122.409004 37.799484, -122.410194 37.800312)"
4293000.0,COLUMBUS,AVE,Telegraph Hill,4293000,"LINESTRING (-122.40707 37.798145, -122.40786 37.79869)"
4292000.0,COLUMBUS,AVE,Telegraph Hill,4292000,"LINESTRING (-122.406654 37.79786, -122.40707 37.798145)"
4302000.0,COLUMBUS,AVE,North Beach,4302000,"LINESTRING (-122.41486 37.80354, -122.415436 37.803932)"
4303000.0,COLUMBUS,AVE,North Beach,4303000,"LINESTRING (-122.415436 37.803932, -122.41604 37.80435)"
4304000.0,COLUMBUS,AVE,North Beach,4304000,"LINESTRING (-122.41604 37.80435, -122.4168 37.804882)"
4305000.0,COLUMBUS,AVE,North Beach,4305000,"LINESTRING (-122.4168 37.804882, -122.41721 37.805164)"
4306000.0,COLUMBUS,AVE,North Waterfront,4306000,"LINESTRING (-122.41721 37.805164, -122.418365 37.805973)"
4300000.0,COLUMBUS,AVE,North Beach,4300000,"LINESTRING (-122.412895 37.802177, -122.413704 37.80274)"
4294000.0,COLUMBUS,AVE,Telegraph Hill,4294000,"LINESTRING (-122.40786 37.79869, -122.409004 37.799484)"
4288000.0,COLUMBUS,AVE,Financial District North,4288000,"LINESTRING (-122.404396 37.7963, -122.40527 37.796906)"
4301000.0,COLUMBUS,AVE,North Beach,4301000,"LINESTRING (-122.413704 37.80274, -122.41486 37.80354)"
4286000.0,COLUMBUS,AVE,Financial District North,4286000,"LINESTRING (-122.403305 37.79553, -122.40405 37.79606)"
4808101.0,DIVISADERO,ST,Anza Vista,4808101,"LINESTRING (-122.43873 37.779655, -122.4388 37.779724, -122.43895 37.780506, -122.43891 37.780582)"
4807201.0,DIVISADERO,ST,Western Addition,4807201,"LINESTRING (-122.43854 37.77872, -122.43851 37.778805, -122.43866 37.779587, -122.43873 37.779655)"
4807101.0,DIVISADERO,ST,North Panhandle,4807101,"LINESTRING (-122.43854 37.77872, -122.43861 37.778793, -122.43876 37.77957, -122.43873 37.779655)"
4806201.0,DIVISADERO,ST,Alamo Square,4806201,"LINESTRING (-122.438354 37.77779, -122.43832 37.777885, -122.43847 37.778652, -122.43854 37.77872)"
4806101.0,DIVISADERO,ST,North Panhandle,4806101,"LINESTRING (-122.438354 37.77779, -122.43842 37.77787, -122.438576 37.778637, -122.43854 37.77872)"
4805201.0,DIVISADERO,ST,Alamo Square,4805201,"LINESTRING (-122.43816 37.77685, -122.438126 37.776936, -122.438286 37.777718, -122.438354 37.77779)"
4805101.0,DIVISADERO,ST,North Panhandle,4805101,"LINESTRING (-122.43816 37.77685, -122.43823 37.77692, -122.438385 37.777702, -122.438354 37.77779)"
4804101.0,DIVISADERO,ST,North Panhandle,4804101,"LINESTRING (-122.43797 37.77592, -122.43805 37.775993, -122.4382 37.776775, -122.43816 37.77685)"
4803201.0,DIVISADERO,ST,Alamo Square,4803201,"LINESTRING (-122.43778 37.774986, -122.43776 37.775074, -122.43791 37.775852, -122.43797 37.77592)"
4802101.0,DIVISADERO,ST,North Panhandle,4802101,"LINESTRING (-122.4376 37.774055, -122.43766 37.774136, -122.43782 37.7749, -122.43778 37.774986)"
4811201.0,DIVISADERO,ST,Western Addition,4811201,"LINESTRING (-122.439285 37.782444, -122.43926 37.78253, -122.43939 37.783234, -122.43947 37.783302)"
4801101.0,DIVISADERO,ST,North Panhandle,4801101,"LINESTRING (-122.43741 37.77313, -122.43747 37.77321, -122.43762 37.77397, -122.4376 37.774055)"
4800201.0,DIVISADERO,ST,Hayes Valley,4800201,"LINESTRING (-122.437225 37.772198, -122.43719 37.77228, -122.43735 37.773056, -122.43741 37.77313)"
4800101.0,DIVISADERO,ST,Haight Ashbury,4800101,"LINESTRING (-122.437225 37.772198, -122.43729 37.77227, -122.43744 37.773045, -122.43741 37.77313)"
4799101.0,DIVISADERO,ST,Haight Ashbury,4799101,"LINESTRING (-122.437035 37.771263, -122.43709 37.77133, -122.43725 37.77212, -122.437225 37.772198)"
4798201.0,DIVISADERO,ST,Hayes Valley,4798201,"LINESTRING (-122.43684 37.770336, -122.43681 37.77042, -122.436966 37.771194, -122.437035 37.771263)"
4798101.0,DIVISADERO,ST,Buena Vista Park,4798101,"LINESTRING (-122.43684 37.770336, -122.436905 37.77041, -122.437065 37.77118, -122.437035 37.771263)"
4810201.0,DIVISADERO,ST,Western Addition,4810201,"LINESTRING (-122.4391 37.781517, -122.439064 37.781593, -122.43921 37.78236, -122.439285 37.782444)"
4810101.0,DIVISADERO,ST,Anza Vista,4810101,"LINESTRING (-122.4391 37.781517, -122.43916 37.781578, -122.43932 37.782345, -122.439285 37.782444)"
4809201.0,DIVISADERO,ST,Western Addition,4809201,"LINESTRING (-122.43891 37.780582, -122.43887 37.78066, -122.43903 37.781464, -122.4391 37.781517)"
4835000.0,DIVISADERO,ST,Marina,4835000,"LINESTRING (-122.44378 37.804634, -122.44397 37.805576)"
4833000.0,DIVISADERO,ST,Marina,4833000,"LINESTRING (-122.4434 37.80277, -122.44359 37.8037)"
4832000.0,DIVISADERO,ST,Marina,4832000,"LINESTRING (-122.44321 37.801834, -122.4434 37.80277)"
4831000.0,DIVISADERO,ST,Marina,4831000,"LINESTRING (-122.44302 37.800903, -122.44321 37.801834)"
4830000.0,DIVISADERO,ST,Marina,4830000,"LINESTRING (-122.44283 37.799973, -122.44302 37.800903)"
4829000.0,DIVISADERO,ST,Marina,4829000,"LINESTRING (-122.442635 37.798996, -122.44283 37.799973)"
4827000.0,DIVISADERO,ST,Cow Hollow,4827000,"LINESTRING (-122.44227 37.797176, -122.44245 37.798107)"
4826000.0,DIVISADERO,ST,Cow Hollow,4826000,"LINESTRING (-122.44208 37.796246, -122.44227 37.797176)"
4825000.0,DIVISADERO,ST,Pacific Heights,4825000,"LINESTRING (-122.44189 37.795315, -122.44208 37.796246)"
4824000.0,DIVISADERO,ST,Pacific Heights,4824000,"LINESTRING (-122.441696 37.79438, -122.44189 37.795315)"
4822000.0,DIVISADERO,ST,Pacific Heights,4822000,"LINESTRING (-122.44132 37.792507, -122.441505 37.79343)"
4828000.0,DIVISADERO,ST,Cow Hollow,4828000,"LINESTRING (-122.44245 37.798107, -122.442635 37.798996)"
4834000.0,DIVISADERO,ST,Marina,4834000,"LINESTRING (-122.44359 37.8037, -122.44378 37.804634)"
4799201.0,DIVISADERO,ST,Hayes Valley,4799201,"LINESTRING (-122.437035 37.771263, -122.437 37.771343, -122.437164 37.772133, -122.437225 37.772198)"
4816201.0,DIVISADERO,ST,Lower Pacfic Heights,4816201,"LINESTRING (-122.44024 37.78711, -122.4402 37.787193, -122.44037 37.788, -122.44043 37.788063)"
4813201.0,DIVISADERO,ST,Lower Pacfic Heights,4813201,"LINESTRING (-122.439674 37.784313, -122.439644 37.7844, -122.4398 37.78517, -122.43986 37.785244)"
4811101.0,DIVISADERO,ST,Anza Vista,4811101,"LINESTRING (-122.439285 37.782444, -122.439354 37.78252, -122.4395 37.783222, -122.43947 37.783302)"
4803101.0,DIVISADERO,ST,North Panhandle,4803101,"LINESTRING (-122.43778 37.774986, -122.43785 37.77506, -122.43801 37.77584, -122.43797 37.77592)"
4823000.0,DIVISADERO,ST,Pacific Heights,4823000,"LINESTRING (-122.441505 37.79343, -122.441696 37.79438)"
4821000.0,DIVISADERO,ST,Pacific Heights,4821000,"LINESTRING (-122.44114 37.791626, -122.44132 37.792507)"
4820000.0,DIVISADERO,ST,Pacific Heights,4820000,"LINESTRING (-122.44097 37.790752, -122.44114 37.791626)"
4809101.0,DIVISADERO,ST,Anza Vista,4809101,"LINESTRING (-122.43891 37.780582, -122.43898 37.780647, -122.43914 37.781445, -122.4391 37.781517)"
4802201.0,DIVISADERO,ST,Alamo Square,4802201,"LINESTRING (-122.4376 37.774055, -122.43757 37.774147, -122.43772 37.774914, -122.43778 37.774986)"
4801201.0,DIVISADERO,ST,Alamo Square,4801201,"LINESTRING (-122.43741 37.77313, -122.43738 37.773224, -122.43754 37.773983, -122.4376 37.774055)"
4808201.0,DIVISADERO,ST,Western Addition,4808201,"LINESTRING (-122.43873 37.779655, -122.43868 37.77974, -122.43884 37.780525, -122.43891 37.780582)"
4819000.0,DIVISADERO,ST,Pacific Heights,4819000,"LINESTRING (-122.440796 37.789867, -122.44097 37.790752)"
4818201.0,DIVISADERO,ST,Pacific Heights,4818201,"LINESTRING (-122.44061 37.78899, -122.44058 37.78907, -122.44073 37.789803, -122.440796 37.789867)"
4818101.0,DIVISADERO,ST,Pacific Heights,4818101,"LINESTRING (-122.44061 37.78899, -122.44067 37.789062, -122.44081 37.78979, -122.440796 37.789867)"
4817201.0,DIVISADERO,ST,Pacific Heights,4817201,"LINESTRING (-122.44043 37.788063, -122.44039 37.788147, -122.44055 37.788933, -122.44061 37.78899)"
4817101.0,DIVISADERO,ST,Pacific Heights,4817101,"LINESTRING (-122.44043 37.788063, -122.44049 37.788136, -122.44064 37.788918, -122.44061 37.78899)"
4816101.0,DIVISADERO,ST,Lower Pacfic Heights,4816101,"LINESTRING (-122.44024 37.78711, -122.4403 37.78718, -122.44046 37.787983, -122.44043 37.788063)"
4815201.0,DIVISADERO,ST,Lower Pacfic Heights,4815201,"LINESTRING (-122.44005 37.786175, -122.44002 37.786255, -122.44017 37.787033, -122.44024 37.78711)"
4815101.0,DIVISADERO,ST,Lower Pacfic Heights,4815101,"LINESTRING (-122.44005 37.786175, -122.44011 37.78624, -122.44026 37.787018, -122.44024 37.78711)"
4814201.0,DIVISADERO,ST,Lower Pacfic Heights,4814201,"LINESTRING (-122.43986 37.785244, -122.439835 37.785336, -122.43998 37.78611, -122.44005 37.786175)"
4814101.0,DIVISADERO,ST,Lower Pacfic Heights,4814101,"LINESTRING (-122.43986 37.785244, -122.43992 37.785324, -122.44008 37.786095, -122.44005 37.786175)"
4813101.0,DIVISADERO,ST,Lower Pacfic Heights,4813101,"LINESTRING (-122.439674 37.784313, -122.439735 37.78439, -122.43989 37.78516, -122.43986 37.785244)"
4812201.0,DIVISADERO,ST,Lower Pacfic Heights,4812201,"LINESTRING (-122.43947 37.783302, -122.43944 37.783394, -122.439606 37.784237, -122.439674 37.784313)"
4812102.0,DIVISADERO,ST,Lower Pacfic Heights,4812102,"LINESTRING (-122.43963 37.78384, -122.4397 37.784225, -122.439674 37.784313)"
4812101.0,DIVISADERO,ST,Lower Pacfic Heights,4812101,"LINESTRING (-122.43947 37.783302, -122.43953 37.78338, -122.43963 37.78384)"
4804201.0,DIVISADERO,ST,Alamo Square,4804201,"LINESTRING (-122.43797 37.77592, -122.437935 37.776005, -122.438095 37.77679, -122.43816 37.77685)"
5453000.0,FELL,ST,North Panhandle,5453000,"LINESTRING (-122.44091 37.773632, -122.44255 37.77342)"
5456000.0,FELL,ST,North Panhandle,5456000,"LINESTRING (-122.44589 37.77299, -122.44749 37.772785)"
5458000.0,FELL,ST,North Panhandle,5458000,"LINESTRING (-122.44913 37.772575, -122.450775 37.77236)"
5459000.0,FELL,ST,North Panhandle,5459000,"LINESTRING (-122.450775 37.77236, -122.45223 37.772175, -122.45242 37.772182)"
5460000.0,FELL,ST,North Panhandle,5460000,"LINESTRING (-122.45242 37.772182, -122.45395 37.77199, -122.45407 37.771927)"
5457000.0,FELL,ST,North Panhandle,5457000,"LINESTRING (-122.44749 37.772785, -122.44913 37.772575)"
5440000.0,FELL,ST,Van Ness - Civic Center,5440000,"LINESTRING (-122.419495 37.776363, -122.421135 37.776154)"
5441000.0,FELL,ST,Van Ness - Civic Center,5441000,"LINESTRING (-122.421135 37.776154, -122.422775 37.775944)"
5442000.0,FELL,ST,Hayes Valley,5442000,"LINESTRING (-122.422775 37.775944, -122.42431 37.77575)"
5443000.0,FELL,ST,Hayes Valley,5443000,"LINESTRING (-122.42431 37.77575, -122.426056 37.77552)"
5444000.0,FELL,ST,Hayes Valley,5444000,"LINESTRING (-122.426056 37.77552, -122.42771 37.77531)"
5445000.0,FELL,ST,Hayes Valley,5445000,"LINESTRING (-122.42771 37.77531, -122.42935 37.775105)"
5451000.0,FELL,ST,North Panhandle,5451000,"LINESTRING (-122.4376 37.774055, -122.43926 37.77384)"
5448000.0,FELL,ST,Alamo Square,5448000,"LINESTRING (-122.43263 37.77469, -122.43428 37.77447)"
5449000.0,FELL,ST,Alamo Square,5449000,"LINESTRING (-122.43428 37.77447, -122.43593 37.774273)"
5450000.0,FELL,ST,Alamo Square,5450000,"LINESTRING (-122.43593 37.774273, -122.4376 37.774055)"
5452000.0,FELL,ST,North Panhandle,5452000,"LINESTRING (-122.43926 37.77384, -122.44091 37.773632)"
5446000.0,FELL,ST,Alamo Square,5446000,"LINESTRING (-122.42935 37.775105, -122.431 37.7749)"
5455000.0,FELL,ST,North Panhandle,5455000,"LINESTRING (-122.44421 37.77321, -122.44589 37.77299)"
5454000.0,FELL,ST,North Panhandle,5454000,"LINESTRING (-122.44255 37.77342, -122.44421 37.77321)"
5447000.0,FELL,ST,Alamo Square,5447000,"LINESTRING (-122.431 37.7749, -122.43263 37.77469)"
6115000.0,GEARY,ST,Downtown - Tenderloin,6115000,"LINESTRING (-122.414795 37.786514, -122.416435 37.786304)"
6117000.0,GEARY,ST,Downtown - Tenderloin,6117000,"LINESTRING (-122.418076 37.786095, -122.41972 37.78589)"
6118000.0,GEARY,ST,Van Ness - Civic Center,6118000,"LINESTRING (-122.41972 37.78589, -122.42138 37.785683)"
6039101.0,GEARY,BLVD,Western Addition,6039101,"LINESTRING (-122.424675 37.785328, -122.424805 37.785263, -122.426414 37.785057)"
6037000.0,GEARY,BLVD,Van Ness - Civic Center,6037000,"LINESTRING (-122.42138 37.785683, -122.42301 37.785477)"
6038000.0,GEARY,BLVD,Van Ness - Civic Center,6038000,"LINESTRING (-122.42301 37.785477, -122.42354 37.785404, -122.423805 37.785378, -122.424126 37.78538, -122.42443 37.78539, -122.424545 37.7854, -122.424675 37.785328)"
6039102.0,GEARY,BLVD,Western Addition,6039102,"LINESTRING (-122.426414 37.785057, -122.42784 37.784874, -122.42798 37.78495)"
6039201.0,GEARY,BLVD,Lower Pacfic Heights,6039201,"LINESTRING (-122.424675 37.785328, -122.42489 37.785435, -122.42788 37.78506, -122.42798 37.78495)"
6040102.0,GEARY,BLVD,Western Addition,6040102,"LINESTRING (-122.42798 37.78495, -122.42806 37.784855, -122.429596 37.784676)"
6044101.0,GEARY,BLVD,Anza Vista,6044101,"LINESTRING (-122.43947 37.783302, -122.43959 37.78322, -122.442635 37.782833, -122.44278 37.78288)"
6040103.0,GEARY,BLVD,Western Addition,6040103,"LINESTRING (-122.429596 37.784676, -122.42978 37.784657)"
6040201.0,GEARY,BLVD,Lower Pacfic Heights,6040201,"LINESTRING (-122.42798 37.78495, -122.428085 37.785023, -122.43104 37.784664, -122.43119 37.784565)"
6041101.0,GEARY,BLVD,Western Addition,6041101,"LINESTRING (-122.43119 37.784565, -122.431366 37.784485, -122.434425 37.7841, -122.43455 37.784145)"
6041102.0,GEARY,BLVD,Western Addition,6041102,"LINESTRING (-122.43119 37.784565, -122.43135 37.784386, -122.43277 37.78421, -122.4329 37.78435)"
6041103.0,GEARY,BLVD,Western Addition,6041103,"LINESTRING (-122.4329 37.78435, -122.433 37.784184, -122.4344 37.784008, -122.43455 37.784145)"
6041201.0,GEARY,BLVD,Lower Pacfic Heights,6041201,"LINESTRING (-122.43119 37.784565, -122.43139 37.784603, -122.43445 37.784218, -122.43455 37.784145)"
6041203.0,GEARY,BLVD,Lower Pacfic Heights,6041203,"LINESTRING (-122.4329 37.78435, -122.43306 37.7845, -122.43376 37.78441)"
6041204.0,GEARY,BLVD,Lower Pacfic Heights,6041204,"LINESTRING (-122.43376 37.78441, -122.43448 37.784317, -122.43455 37.784145)"
6042101.0,GEARY,BLVD,Western Addition,6042101,"LINESTRING (-122.43455 37.784145, -122.43465 37.784077, -122.43526 37.783955, -122.437706 37.78365, -122.437836 37.783714)"
6042201.0,GEARY,BLVD,Lower Pacfic Heights,6042201,"LINESTRING (-122.43455 37.784145, -122.43465 37.78419, -122.43774 37.7838, -122.437836 37.783714)"
6043101.0,GEARY,BLVD,Western Addition,6043101,"LINESTRING (-122.437836 37.783714, -122.437965 37.783615, -122.438354 37.783516, -122.438774 37.783337, -122.438965 37.783295, -122.439316 37.783257, -122.43947 37.783302)"
6044201.0,GEARY,BLVD,Lower Pacfic Heights,6044201,"LINESTRING (-122.43947 37.783302, -122.43962 37.783356, -122.44115 37.783157)"
6044202.0,GEARY,BLVD,Lower Pacfic Heights,6044202,"LINESTRING (-122.44115 37.783157, -122.44269 37.782967, -122.44278 37.78288)"
6045101.0,GEARY,BLVD,Anza Vista,6045101,"LINESTRING (-122.44278 37.78288, -122.44288 37.782803, -122.44442 37.782566)"
6045102.0,GEARY,BLVD,Anza Vista,6045102,"LINESTRING (-122.44442 37.782566, -122.44494 37.782497, -122.4457 37.782406, -122.44581 37.782482)"
6045201.0,GEARY,BLVD,Lower Pacfic Heights,6045201,"LINESTRING (-122.44278 37.78288, -122.44291 37.782936, -122.44444 37.78277)"
6110000.0,GEARY,ST,Downtown - Tenderloin,6110000,"LINESTRING (-122.40821 37.787354, -122.40986 37.787144)"
6111000.0,GEARY,ST,Downtown - Tenderloin,6111000,"LINESTRING (-122.40986 37.787144, -122.4115 37.786934)"
6112000.0,GEARY,ST,Downtown - Tenderloin,6112000,"LINESTRING (-122.4115 37.786934, -122.41233 37.78683)"
6113000.0,GEARY,ST,Downtown - Tenderloin,6113000,"LINESTRING (-122.41233 37.78683, -122.41315 37.786724)"
6114000.0,GEARY,ST,Downtown - Tenderloin,6114000,"LINESTRING (-122.41315 37.786724, -122.414795 37.786514)"
6116000.0,GEARY,ST,Downtown - Tenderloin,6116000,"LINESTRING (-122.416435 37.786304, -122.418076 37.786095)"
6040104.0,GEARY,BLVD,Western Addition,6040104,"LINESTRING (-122.42978 37.784657, -122.43101 37.784515, -122.43119 37.784565)"
6041202.0,GEARY,BLVD,Lower Pacfic Heights,6041202,"LINESTRING (-122.43119 37.784565, -122.431404 37.784702, -122.43282 37.784527, -122.4329 37.78435)"
6043201.0,GEARY,BLVD,Lower Pacfic Heights,6043201,"LINESTRING (-122.437836 37.783714, -122.438 37.783768, -122.438255 37.78371, -122.43854 37.783592, -122.43893 37.783443, -122.43934 37.78339, -122.43947 37.783302)"
6045202.0,GEARY,BLVD,Lower Pacfic Heights,6045202,"LINESTRING (-122.44444 37.78277, -122.44493 37.78271, -122.44574 37.78261, -122.44581 37.782482)"
6128101.0,GENEVA,AVE,Ingleside,6128101,"LINESTRING (-122.4501 37.722076, -122.44999 37.722076, -122.44933 37.721813, -122.44928 37.72175)"
6131101.0,GENEVA,AVE,Ingleside,6131101,"LINESTRING (-122.44774 37.72115, -122.44765 37.72118, -122.44672 37.720802, -122.446594 37.72072)"
6130101.0,GENEVA,AVE,Ingleside,6130101,"LINESTRING (-122.448395 37.721394, -122.4483 37.72145, -122.4478 37.721245, -122.44774 37.72115)"
6130201.0,GENEVA,AVE,Ingleside,6130201,"LINESTRING (-122.448395 37.721394, -122.44838 37.72132, -122.447815 37.72111, -122.44774 37.72115)"
6131201.0,GENEVA,AVE,Ingleside,6131201,"LINESTRING (-122.44774 37.72115, -122.44769 37.721066, -122.446815 37.72074, -122.446594 37.72072)"
6132101.0,GENEVA,AVE,Mission Terrace,6132101,"LINESTRING (-122.446594 37.72072, -122.446434 37.720703, -122.4454 37.72029, -122.44519 37.720184, -122.445114 37.72008)"
6132201.0,GENEVA,AVE,Outer Mission,6132201,"LINESTRING (-122.446594 37.72072, -122.446495 37.72064, -122.44541 37.72021, -122.44521 37.7201, -122.445114 37.72008)"
6133101.0,GENEVA,AVE,Mission Terrace,6133101,"LINESTRING (-122.445114 37.72008, -122.445015 37.720062, -122.44372 37.71901, -122.44368 37.718925)"
6133201.0,GENEVA,AVE,Outer Mission,6133201,"LINESTRING (-122.445114 37.72008, -122.44503 37.719967, -122.44378 37.71895, -122.44368 37.718925)"
6129101.0,GENEVA,AVE,Ingleside,6129101,"LINESTRING (-122.44928 37.72175, -122.449165 37.72175, -122.44852 37.72149, -122.448395 37.721394)"
6127101.0,GENEVA,AVE,Ingleside,6127101,"LINESTRING (-122.451584 37.72299, -122.45158 37.722748, -122.45149 37.722683, -122.45017 37.72216, -122.4501 37.722076)"
6127201.0,GENEVA,AVE,Ingleside,6127201,"LINESTRING (-122.45232 37.723076, -122.45187 37.722744, -122.45023 37.722076, -122.4501 37.722076)"
6128201.0,GENEVA,AVE,Ingleside,6128201,"LINESTRING (-122.4501 37.722076, -122.450035 37.722004, -122.44938 37.72174, -122.44928 37.72175)"
6129201.0,GENEVA,AVE,Ingleside,6129201,"LINESTRING (-122.44928 37.72175, -122.44922 37.721676, -122.44856 37.721413, -122.448395 37.721394)"
6728001.0,HARRISON,ST,South of Market,6728001,"LINESTRING (-122.40636 37.77545, -122.406815 37.77509)"
6731000.0,HARRISON,ST,South of Market,6731000,"LINESTRING (-122.40775 37.774345, -122.4085 37.773754)"
6729000.0,HARRISON,ST,South of Market,6729000,"LINESTRING (-122.406815 37.77509, -122.407394 37.77463)"
6730000.0,HARRISON,ST,South of Market,6730000,"LINESTRING (-122.407394 37.77463, -122.40775 37.774345)"
6728000.0,HARRISON,ST,South of Market,6728000,"LINESTRING (-122.40628 37.77551, -122.40636 37.77545)"
6727000.0,HARRISON,ST,South of Market,6727000,"LINESTRING (-122.405464 37.776157, -122.40628 37.77551)"
6720000.0,HARRISON,ST,South of Market,6720000,"LINESTRING (-122.40183 37.779026, -122.402374 37.7786)"
6726000.0,HARRISON,ST,South of Market,6726000,"LINESTRING (-122.404884 37.776615, -122.405464 37.776157)"
6719000.0,HARRISON,ST,Financial District South,6719000,"LINESTRING (-122.399605 37.78079, -122.40183 37.779026)"
6725000.0,HARRISON,ST,South of Market,6725000,"LINESTRING (-122.404594 37.77684, -122.404884 37.776615)"
6724000.0,HARRISON,ST,South of Market,6724000,"LINESTRING (-122.40406 37.777267, -122.404594 37.77684)"
6723000.0,HARRISON,ST,South of Market,6723000,"LINESTRING (-122.40352 37.777695, -122.40406 37.777267)"
6722000.0,HARRISON,ST,South of Market,6722000,"LINESTRING (-122.40295 37.778145, -122.40352 37.777695)"
6721000.0,HARRISON,ST,South of Market,6721000,"LINESTRING (-122.402374 37.7786, -122.40295 37.778145)"
6732000.0,HARRISON,ST,South of Market,6732000,"LINESTRING (-122.4085 37.773754, -122.40967 37.77283)"
6733000.0,HARRISON,ST,South of Market,6733000,"LINESTRING (-122.40967 37.77283, -122.410065 37.772522)"
9175201.0,MISSION,ST,Mission Terrace,9175201,"LINESTRING (-122.43948 37.718464, -122.439545 37.71844, -122.440094 37.717716, -122.440094 37.71766)"
9180000.0,MISSION,ST,Outer Mission,9180000,"LINESTRING (-122.44168 37.71557, -122.44179 37.715424)"
9186000.0,MISSION,ST,Outer Mission,9186000,"LINESTRING (-122.44394 37.713356, -122.44456 37.71278)"
9192000.0,MISSION,ST,Outer Mission,9192000,"LINESTRING (-122.448364 37.71037, -122.44892 37.710068, -122.449295 37.70994)"
9122002.0,MISSION,ST,Inner Mission,9122002,"LINESTRING (-122.419 37.758194, -122.418884 37.75703)"
9128000.0,MISSION,ST,Inner Mission,9128000,"LINESTRING (-122.41812 37.749035, -122.41808 37.7486, -122.41808 37.748474, -122.418205 37.74816)"
9134000.0,MISSION,ST,Bernal Heights North,9134000,"LINESTRING (-122.42088 37.744034, -122.42147 37.74312)"
9141000.0,MISSION,ST,Bernal Heights South,9141000,"LINESTRING (-122.42308 37.74064, -122.42357 37.73988)"
9147201.0,MISSION,ST,Bernal Heights South,9147201,"LINESTRING (-122.42469 37.735367, -122.424866 37.735233, -122.42574 37.73435, -122.42578 37.734272)"
9151101.0,MISSION,ST,Excelsior,9151101,"LINESTRING (-122.42929 37.730736, -122.42928 37.730675, -122.42999 37.72996, -122.4301 37.729927)"
9154101.0,MISSION,ST,Excelsior,9154101,"LINESTRING (-122.43079 37.72922, -122.4308 37.72914, -122.43117 37.72877, -122.43128 37.728725)"
9085000.0,MISSION,ST,Financial District South,9085000,"LINESTRING (-122.39493 37.791836, -122.3958 37.79115)"
9194000.0,MISSION,ST,Outer Mission,9194000,"LINESTRING (-122.45008 37.709675, -122.450485 37.709538)"
9193000.0,MISSION,ST,Outer Mission,9193000,"LINESTRING (-122.449295 37.70994, -122.45008 37.709675)"
9191000.0,MISSION,ST,Outer Mission,9191000,"LINESTRING (-122.44766 37.710743, -122.448364 37.71037)"
9190000.0,MISSION,ST,Outer Mission,9190000,"LINESTRING (-122.44637 37.71143, -122.44766 37.710743)"
9189000.0,MISSION,ST,Outer Mission,9189000,"LINESTRING (-122.446075 37.711586, -122.44637 37.71143)"
9188000.0,MISSION,ST,Outer Mission,9188000,"LINESTRING (-122.44473 37.712616, -122.44552 37.71188, -122.446075 37.711586)"
9187000.0,MISSION,ST,Outer Mission,9187000,"LINESTRING (-122.44456 37.71278, -122.44473 37.712616)"
9185000.0,MISSION,ST,Outer Mission,9185000,"LINESTRING (-122.443695 37.713585, -122.44394 37.713356)"
9184000.0,MISSION,ST,Outer Mission,9184000,"LINESTRING (-122.44333 37.713924, -122.443695 37.713585)"
9183000.0,MISSION,ST,Outer Mission,9183000,"LINESTRING (-122.44265 37.71456, -122.44333 37.713924)"
9182000.0,MISSION,ST,Outer Mission,9182000,"LINESTRING (-122.44255 37.714657, -122.44265 37.71456)"
9181000.0,MISSION,ST,Outer Mission,9181000,"LINESTRING (-122.44179 37.715424, -122.44188 37.7153, -122.44255 37.714657)"
9179000.0,MISSION,ST,Outer Mission,9179000,"LINESTRING (-122.44154 37.715748, -122.44168 37.71557)"
9178000.0,MISSION,ST,Outer Mission,9178000,"LINESTRING (-122.44101 37.716454, -122.44154 37.715748)"
9177000.0,MISSION,ST,Mission Terrace,9177000,"LINESTRING (-122.44041 37.71724, -122.44101 37.716454)"
9176101.0,MISSION,ST,Excelsior,9176101,"LINESTRING (-122.440094 37.71766, -122.44012 37.717583, -122.440346 37.71728, -122.44041 37.71724)"
9175101.0,MISSION,ST,Excelsior,9175101,"LINESTRING (-122.43948 37.718464, -122.43948 37.718414, -122.440025 37.71769, -122.440094 37.71766)"
9084000.0,MISSION,ST,South Beach,9084000,"LINESTRING (-122.39404 37.792534, -122.39493 37.791836)"
9095101.0,MISSION,ST,Financial District South,9095101,"LINESTRING (-122.402016 37.786243, -122.40207 37.78612, -122.40409 37.784523, -122.40425 37.784473)"
9095201.0,MISSION,ST,Financial District South,9095201,"LINESTRING (-122.402016 37.786243, -122.40214 37.786182, -122.40349 37.78512)"
9161000.0,MISSION,ST,Mission Terrace,9161000,"LINESTRING (-122.43361 37.72623, -122.43397 37.725758)"
9096003.0,MISSION,ST,Financial District South,9096003,"LINESTRING (-122.40601 37.783085, -122.40646 37.782726)"
9096002.0,MISSION,ST,Financial District South,9096002,"LINESTRING (-122.404854 37.784, -122.40601 37.783085)"
9096001.0,MISSION,ST,Financial District South,9096001,"LINESTRING (-122.40425 37.784473, -122.404854 37.784)"
9088000.0,MISSION,ST,Financial District South,9088000,"LINESTRING (-122.39756 37.789757, -122.3983 37.789173)"
9087000.0,MISSION,ST,Financial District South,9087000,"LINESTRING (-122.396675 37.790455, -122.39756 37.789757)"
9086000.0,MISSION,ST,Financial District South,9086000,"LINESTRING (-122.3958 37.79115, -122.396675 37.790455)"
9158000.0,MISSION,ST,Mission Terrace,9158000,"LINESTRING (-122.432434 37.72763, -122.43279 37.72731, -122.4329 37.727173)"
9157000.0,MISSION,ST,Mission Terrace,9157000,"LINESTRING (-122.43235 37.72771, -122.432434 37.72763)"
9156000.0,MISSION,ST,Mission Terrace,9156000,"LINESTRING (-122.431786 37.728245, -122.43235 37.72771)"
9155000.0,MISSION,ST,Mission Terrace,9155000,"LINESTRING (-122.43128 37.728725, -122.431786 37.728245)"
9154201.0,MISSION,ST,Mission Terrace,9154201,"LINESTRING (-122.43079 37.72922, -122.43086 37.729206, -122.43126 37.7288, -122.43128 37.728725)"
9153201.0,MISSION,ST,Mission Terrace,9153201,"LINESTRING (-122.43017 37.729855, -122.430244 37.729828, -122.43079 37.72928, -122.43079 37.72922)"
9153101.0,MISSION,ST,Excelsior,9153101,"LINESTRING (-122.43017 37.729855, -122.430176 37.72978, -122.43071 37.72924, -122.43079 37.72922)"
9152201.0,MISSION,ST,Mission Terrace,9152201,"LINESTRING (-122.4301 37.729927, -122.430145 37.72993, -122.43018 37.72989, -122.43017 37.729855)"
9152101.0,MISSION,ST,Excelsior,9152101,"LINESTRING (-122.4301 37.729927, -122.43007 37.729885, -122.43011 37.729843, -122.43017 37.729855)"
9151201.0,MISSION,ST,Mission Terrace,9151201,"LINESTRING (-122.42929 37.730736, -122.42937 37.730717, -122.43009 37.729984, -122.4301 37.729927)"
9150000.0,MISSION,ST,Bernal Heights South,9150000,"LINESTRING (-122.42638 37.73367, -122.42929 37.730736)"
9149201.0,MISSION,ST,Bernal Heights South,9149201,"LINESTRING (-122.4261 37.733948, -122.42616 37.733932, -122.42636 37.73373, -122.42638 37.73367)"
9149101.0,MISSION,ST,Bernal Heights South,9149101,"LINESTRING (-122.4261 37.733948, -122.4261 37.733902, -122.426285 37.733723, -122.42638 37.73367)"
9148201.0,MISSION,ST,Bernal Heights South,9148201,"LINESTRING (-122.42578 37.734272, -122.42584 37.734257, -122.4261 37.733994, -122.4261 37.733948)"
9168000.0,MISSION,ST,Mission Terrace,9168000,"LINESTRING (-122.43597 37.723125, -122.43603 37.723038)"
9172201.0,MISSION,ST,Mission Terrace,9172201,"LINESTRING (-122.43745 37.721157, -122.43752 37.721115, -122.4383 37.72009, -122.43832 37.72001)"
9089000.0,MISSION,ST,Financial District South,9089000,"LINESTRING (-122.3983 37.789173, -122.39855 37.788975)"
9098000.0,MISSION,ST,South of Market,9098000,"LINESTRING (-122.40715 37.782185, -122.40724 37.782116)"
9104000.0,MISSION,ST,South of Market,9104000,"LINESTRING (-122.41409 37.776703, -122.414696 37.776226)"
9109101.0,MISSION,ST,South of Market,9109101,"LINESTRING (-122.41709 37.77432, -122.417175 37.77422, -122.41763 37.773838, -122.418015 37.773468)"
9112201.0,MISSION,ST,Inner Mission,9112201,"LINESTRING (-122.42 37.770107, -122.42014 37.76988, -122.42014 37.76958, -122.42009 37.769104, -122.42002 37.76904)"
9118000.0,MISSION,ST,Inner Mission,9118000,"LINESTRING (-122.419464 37.763046, -122.41943 37.762707)"
9082000.0,MISSION,ST,South Beach,9082000,"LINESTRING (-122.39249 37.793762, -122.393166 37.793224)"
9122001.0,MISSION,ST,Inner Mission,9122001,"LINESTRING (-122.41904 37.75863, -122.419 37.758194)"
9121000.0,MISSION,ST,Inner Mission,9121000,"LINESTRING (-122.41919 37.76023, -122.41904 37.75863)"
9120000.0,MISSION,ST,Inner Mission,9120000,"LINESTRING (-122.41935 37.76183, -122.41919 37.76023)"
9119000.0,MISSION,ST,Inner Mission,9119000,"LINESTRING (-122.41943 37.762707, -122.41935 37.76183)"
9117000.0,MISSION,ST,Inner Mission,9117000,"LINESTRING (-122.4195 37.763424, -122.419464 37.763046)"
9116000.0,MISSION,ST,Inner Mission,9116000,"LINESTRING (-122.419655 37.765045, -122.4195 37.763424)"
9115000.0,MISSION,ST,Inner Mission,9115000,"LINESTRING (-122.419815 37.76667, -122.419655 37.765045)"
9114000.0,MISSION,ST,Inner Mission,9114000,"LINESTRING (-122.41997 37.76827, -122.419815 37.76667)"
9113000.0,MISSION,ST,Inner Mission,9113000,"LINESTRING (-122.42002 37.76904, -122.41997 37.76827)"
9112101.0,MISSION,ST,Inner Mission,9112101,"LINESTRING (-122.42 37.770107, -122.41988 37.76989, -122.41993 37.769596, -122.41999 37.769123, -122.42002 37.76904)"
9111001.0,MISSION,ST,South of Market,9111001,"LINESTRING (-122.41975 37.770668, -122.41984 37.77039, -122.42 37.770107)"
9111000.0,MISSION,ST,South of Market,9111000,"LINESTRING (-122.41963 37.771, -122.41975 37.770668)"
9110000.0,MISSION,ST,South of Market,9110000,"LINESTRING (-122.4186 37.77305, -122.41868 37.77279, -122.41916 37.771996, -122.41959 37.771103, -122.41963 37.771)"
9109201.0,MISSION,ST,South of Market,9109201,"LINESTRING (-122.41709 37.77432, -122.41722 37.774265, -122.41846 37.77327, -122.4186 37.77305)"
9109102.0,MISSION,ST,South of Market,9109102,"LINESTRING (-122.418015 37.773468, -122.418396 37.773106, -122.4186 37.77305)"
9108000.0,MISSION,ST,South of Market,9108000,"LINESTRING (-122.41589 37.77527, -122.41709 37.77432)"
9095202.0,MISSION,ST,Financial District South,9095202,"LINESTRING (-122.40349 37.78512, -122.40417 37.78458, -122.40425 37.784473)"
9176201.0,MISSION,ST,Mission Terrace,9176201,"LINESTRING (-122.440094 37.71766, -122.44017 37.717617, -122.44041 37.717304, -122.44041 37.71724)"
9107000.0,MISSION,ST,South of Market,9107000,"LINESTRING (-122.415474 37.7756, -122.41589 37.77527)"
9106000.0,MISSION,ST,South of Market,9106000,"LINESTRING (-122.415115 37.775887, -122.415474 37.7756)"
9105000.0,MISSION,ST,South of Market,9105000,"LINESTRING (-122.414696 37.776226, -122.415115 37.775887)"
9103000.0,MISSION,ST,South of Market,9103000,"LINESTRING (-122.41315 37.777454, -122.41409 37.776703)"
9102000.0,MISSION,ST,South of Market,9102000,"LINESTRING (-122.4124 37.77804, -122.41315 37.777454)"
9101000.0,MISSION,ST,South of Market,9101000,"LINESTRING (-122.41093 37.779205, -122.4124 37.77804)"
9100000.0,MISSION,ST,South of Market,9100000,"LINESTRING (-122.4087 37.780968, -122.41093 37.779205)"
9099000.0,MISSION,ST,South of Market,9099000,"LINESTRING (-122.40724 37.782116, -122.4087 37.780968)"
9097000.0,MISSION,ST,South of Market,9097000,"LINESTRING (-122.40646 37.782726, -122.40715 37.782185)"
9094000.0,MISSION,ST,Financial District South,9094000,"LINESTRING (-122.401245 37.786846, -122.402016 37.786243)"
9093000.0,MISSION,ST,Financial District South,9093000,"LINESTRING (-122.40049 37.787445, -122.401245 37.786846)"
9092000.0,MISSION,ST,Financial District South,9092000,"LINESTRING (-122.39979 37.788002, -122.40049 37.787445)"
9091000.0,MISSION,ST,Financial District South,9091000,"LINESTRING (-122.399345 37.78835, -122.39979 37.788002)"
9090000.0,MISSION,ST,Financial District South,9090000,"LINESTRING (-122.39855 37.788975, -122.399345 37.78835)"
9174201.0,MISSION,ST,Mission Terrace,9174201,"LINESTRING (-122.43885 37.719303, -122.43891 37.71928, -122.43948 37.71852, -122.43948 37.718464)"
9174101.0,MISSION,ST,Excelsior,9174101,"LINESTRING (-122.43885 37.719303, -122.43885 37.719254, -122.43943 37.718487, -122.43948 37.718464)"
9173201.0,MISSION,ST,Mission Terrace,9173201,"LINESTRING (-122.43832 37.72001, -122.43838 37.719986, -122.43884 37.719368, -122.43885 37.719303)"
9173101.0,MISSION,ST,Excelsior,9173101,"LINESTRING (-122.43832 37.72001, -122.43832 37.71996, -122.43878 37.719345, -122.43885 37.719303)"
9172101.0,MISSION,ST,Excelsior,9172101,"LINESTRING (-122.43745 37.721157, -122.437454 37.721092, -122.43824 37.720062, -122.43832 37.72001)"
9171201.0,MISSION,ST,Mission Terrace,9171201,"LINESTRING (-122.43713 37.72157, -122.437195 37.721546, -122.43745 37.72122, -122.43745 37.721157)"
9171101.0,MISSION,ST,Excelsior,9171101,"LINESTRING (-122.43713 37.72157, -122.43714 37.721516, -122.437386 37.72119, -122.43745 37.721157)"
9170000.0,MISSION,ST,Mission Terrace,9170000,"LINESTRING (-122.436455 37.72246, -122.43713 37.72157)"
9169000.0,MISSION,ST,Mission Terrace,9169000,"LINESTRING (-122.43603 37.723038, -122.436455 37.72246)"
9167000.0,MISSION,ST,Mission Terrace,9167000,"LINESTRING (-122.43537 37.723904, -122.43597 37.723125)"
9166000.0,MISSION,ST,Mission Terrace,9166000,"LINESTRING (-122.4353 37.724, -122.43537 37.723904)"
9165000.0,MISSION,ST,Mission Terrace,9165000,"LINESTRING (-122.43486 37.724583, -122.4353 37.724)"
9163000.0,MISSION,ST,Mission Terrace,9163000,"LINESTRING (-122.43441 37.72517, -122.434784 37.724678)"
9162000.0,MISSION,ST,Mission Terrace,9162000,"LINESTRING (-122.43397 37.725758, -122.43441 37.72517)"
9160000.0,MISSION,ST,Mission Terrace,9160000,"LINESTRING (-122.43334 37.72658, -122.43361 37.72623)"
9159000.0,MISSION,ST,Mission Terrace,9159000,"LINESTRING (-122.4329 37.727173, -122.43334 37.72658)"
9197000.0,MISSION,ST,Outer Mission,9197000,"LINESTRING (-122.45265 37.7088, -122.45427 37.708252)"
9083000.0,MISSION,ST,South Beach,9083000,"LINESTRING (-122.393166 37.793224, -122.39404 37.792534)"
9148101.0,MISSION,ST,Bernal Heights South,9148101,"LINESTRING (-122.42578 37.734272, -122.42577 37.73423, -122.42604 37.733963, -122.4261 37.733948)"
9146000.0,MISSION,ST,Bernal Heights South,9146000,"LINESTRING (-122.42445 37.736057, -122.42469 37.735367)"
9145000.0,MISSION,ST,Bernal Heights South,9145000,"LINESTRING (-122.424225 37.736732, -122.42445 37.736057)"
9144000.0,MISSION,ST,Bernal Heights South,9144000,"LINESTRING (-122.42403 37.7374, -122.42405 37.737236, -122.424225 37.736732)"
9143000.0,MISSION,ST,Bernal Heights South,9143000,"LINESTRING (-122.423935 37.73884, -122.42403 37.7374)"
9142000.0,MISSION,ST,Bernal Heights South,9142000,"LINESTRING (-122.42357 37.73988, -122.423775 37.739555, -122.42391 37.739235, -122.423935 37.73884)"
9140000.0,MISSION,ST,Bernal Heights South,9140000,"LINESTRING (-122.42283 37.741024, -122.42308 37.74064)"
9139000.0,MISSION,ST,Bernal Heights North,9139000,"LINESTRING (-122.422356 37.741756, -122.42283 37.741024)"
9138000.0,MISSION,ST,Bernal Heights North,9138000,"LINESTRING (-122.42207 37.74219, -122.422356 37.741756)"
9137000.0,MISSION,ST,Bernal Heights North,9137000,"LINESTRING (-122.42196 37.74237, -122.42207 37.74219)"
9136000.0,MISSION,ST,Bernal Heights North,9136000,"LINESTRING (-122.42167 37.742817, -122.42196 37.74237)"
9135000.0,MISSION,ST,Bernal Heights North,9135000,"LINESTRING (-122.42147 37.74312, -122.42167 37.742817)"
9133000.0,MISSION,ST,Bernal Heights North,9133000,"LINESTRING (-122.420006 37.745384, -122.42088 37.744034)"
9132000.0,MISSION,ST,Bernal Heights North,9132000,"LINESTRING (-122.419876 37.74559, -122.420006 37.745384)"
9131000.0,MISSION,ST,Bernal Heights North,9131000,"LINESTRING (-122.419495 37.746178, -122.419876 37.74559)"
9130000.0,MISSION,ST,Bernal Heights North,9130000,"LINESTRING (-122.419106 37.74677, -122.419495 37.746178)"
9129000.0,MISSION,ST,Bernal Heights North,9129000,"LINESTRING (-122.418205 37.74816, -122.419106 37.74677)"
9127000.0,MISSION,ST,Inner Mission,9127000,"LINESTRING (-122.418274 37.750633, -122.41812 37.749035)"
9126000.0,MISSION,ST,Inner Mission,9126000,"LINESTRING (-122.418434 37.752235, -122.418274 37.750633)"
9125000.0,MISSION,ST,Inner Mission,9125000,"LINESTRING (-122.41858 37.75383, -122.418434 37.752235)"
9124000.0,MISSION,ST,Inner Mission,9124000,"LINESTRING (-122.41873 37.755432, -122.41858 37.75383)"
9123000.0,MISSION,ST,Inner Mission,9123000,"LINESTRING (-122.418884 37.75703, -122.41873 37.755432)"
9196000.0,MISSION,ST,Outer Mission,9196000,"LINESTRING (-122.45087 37.709408, -122.45265 37.7088)"
9195000.0,MISSION,ST,Outer Mission,9195000,"LINESTRING (-122.450485 37.709538, -122.45087 37.709408)"
9765000.0,OAK,ST,Haight Ashbury,9765000,"LINESTRING (-122.44401 37.77229, -122.4457 37.772076)"
9750000.0,OAK,ST,Van Ness - Civic Center,9750000,"LINESTRING (-122.41938 37.775417, -122.420784 37.775246, -122.420944 37.775227)"
9770000.0,OAK,ST,Haight Ashbury,9770000,"LINESTRING (-122.45223 37.771225, -122.453766 37.771015, -122.45389 37.77105)"
9769000.0,OAK,ST,Haight Ashbury,9769000,"LINESTRING (-122.450584 37.771454, -122.45186 37.771294, -122.45223 37.771225)"
9767000.0,OAK,ST,Haight Ashbury,9767000,"LINESTRING (-122.447296 37.771873, -122.448944 37.771664)"
9766000.0,OAK,ST,Haight Ashbury,9766000,"LINESTRING (-122.4457 37.772076, -122.447296 37.771873)"
9758000.0,OAK,ST,Hayes Valley,9758000,"LINESTRING (-122.43246 37.77375, -122.4341 37.773544)"
9751000.0,OAK,ST,Van Ness - Civic Center,9751000,"LINESTRING (-122.420944 37.775227, -122.42108 37.775215, -122.422585 37.775017)"
9757000.0,OAK,ST,Hayes Valley,9757000,"LINESTRING (-122.43081 37.773968, -122.432335 37.773773, -122.43246 37.77375)"
9763000.0,OAK,ST,Haight Ashbury,9763000,"LINESTRING (-122.44072 37.77271, -122.44237 37.7725)"
9768000.0,OAK,ST,Haight Ashbury,9768000,"LINESTRING (-122.448944 37.771664, -122.450584 37.771454)"
9764000.0,OAK,ST,Haight Ashbury,9764000,"LINESTRING (-122.44237 37.7725, -122.44401 37.77229)"
9762000.0,OAK,ST,Haight Ashbury,9762000,"LINESTRING (-122.43907 37.77292, -122.44072 37.77271)"
9761000.0,OAK,ST,Haight Ashbury,9761000,"LINESTRING (-122.43741 37.77313, -122.43907 37.77292)"
9760000.0,OAK,ST,Hayes Valley,9760000,"LINESTRING (-122.43574 37.773342, -122.43741 37.77313)"
9759000.0,OAK,ST,Hayes Valley,9759000,"LINESTRING (-122.4341 37.773544, -122.43574 37.773342)"
9756000.0,OAK,ST,Hayes Valley,9756000,"LINESTRING (-122.42917 37.774178, -122.43081 37.773968)"
9755000.0,OAK,ST,Hayes Valley,9755000,"LINESTRING (-122.427536 37.774384, -122.42917 37.774178)"
9754000.0,OAK,ST,Hayes Valley,9754000,"LINESTRING (-122.42587 37.774593, -122.427536 37.774384)"
9753000.0,OAK,ST,Hayes Valley,9753000,"LINESTRING (-122.424126 37.77482, -122.42587 37.774593)"
9752000.0,OAK,ST,Hayes Valley,9752000,"LINESTRING (-122.422585 37.775017, -122.424126 37.77482)"
10485000.0,PINE,ST,Lower Pacfic Heights,10485000,"LINESTRING (-122.432816 37.788048, -122.43363 37.787945)"
10484000.0,PINE,ST,Lower Pacfic Heights,10484000,"LINESTRING (-122.43199 37.788155, -122.432816 37.788048)"
10488000.0,PINE,ST,Lower Pacfic Heights,10488000,"LINESTRING (-122.43692 37.78753, -122.43857 37.78732)"
10466000.0,PINE,ST,Downtown - Tenderloin,10466000,"LINESTRING (-122.40731 37.791294, -122.40805 37.7912)"
10472000.0,PINE,ST,Downtown - Tenderloin,10472000,"LINESTRING (-122.4139 37.79046, -122.41428 37.79041)"
10478000.0,PINE,ST,Van Ness - Civic Center,10478000,"LINESTRING (-122.42212 37.789406, -122.42377 37.7892)"
10490000.0,PINE,ST,Lower Pacfic Heights,10490000,"LINESTRING (-122.44024 37.78711, -122.4419 37.786896)"
10492000.0,PINE,ST,Lower Pacfic Heights,10492000,"LINESTRING (-122.44355 37.786686, -122.4452 37.786476)"
10461000.0,PINE,ST,Financial District North,10461000,"LINESTRING (-122.403854 37.79173, -122.404205 37.791687)"
10462000.0,PINE,ST,Financial District North,10462000,"LINESTRING (-122.404205 37.791687, -122.40451 37.79165)"
10460000.0,PINE,ST,Financial District North,10460000,"LINESTRING (-122.40256 37.791893, -122.403854 37.79173)"
10487000.0,PINE,ST,Lower Pacfic Heights,10487000,"LINESTRING (-122.43528 37.787735, -122.43692 37.78753)"
10475000.0,PINE,ST,Downtown - Tenderloin,10475000,"LINESTRING (-122.41719 37.79004, -122.41883 37.789825)"
10489000.0,PINE,ST,Lower Pacfic Heights,10489000,"LINESTRING (-122.43857 37.78732, -122.44024 37.78711)"
10491000.0,PINE,ST,Lower Pacfic Heights,10491000,"LINESTRING (-122.4419 37.786896, -122.44355 37.786686)"
10463000.0,PINE,ST,Financial District North,10463000,"LINESTRING (-122.40451 37.79165, -122.405426 37.79153)"
10493000.0,PINE,ST,Lower Pacfic Heights,10493000,"LINESTRING (-122.4452 37.786476, -122.446594 37.786297)"
10486000.0,PINE,ST,Lower Pacfic Heights,10486000,"LINESTRING (-122.43363 37.787945, -122.43528 37.787735)"
10483000.0,PINE,ST,Lower Pacfic Heights,10483000,"LINESTRING (-122.43034 37.788364, -122.43199 37.788155)"
10482000.0,PINE,ST,Lower Pacfic Heights,10482000,"LINESTRING (-122.428696 37.78857, -122.43034 37.788364)"
10481000.0,PINE,ST,Lower Pacfic Heights,10481000,"LINESTRING (-122.42705 37.78878, -122.428696 37.78857)"
10480000.0,PINE,ST,Lower Pacfic Heights,10480000,"LINESTRING (-122.42541 37.78899, -122.42705 37.78878)"
10479000.0,PINE,ST,Van Ness - Civic Center,10479000,"LINESTRING (-122.42377 37.7892, -122.42541 37.78899)"
10477000.0,PINE,ST,Van Ness - Civic Center,10477000,"LINESTRING (-122.42048 37.789616, -122.42212 37.789406)"
10476000.0,PINE,ST,Downtown - Tenderloin,10476000,"LINESTRING (-122.41883 37.789825, -122.42048 37.789616)"
10474000.0,PINE,ST,Downtown - Tenderloin,10474000,"LINESTRING (-122.41554 37.79025, -122.41719 37.79004)"
10473000.0,PINE,ST,Downtown - Tenderloin,10473000,"LINESTRING (-122.41428 37.79041, -122.41554 37.79025)"
10471000.0,PINE,ST,Downtown - Tenderloin,10471000,"LINESTRING (-122.412254 37.79067, -122.4139 37.79046)"
10470000.0,PINE,ST,Downtown - Tenderloin,10470000,"LINESTRING (-122.41099 37.79083, -122.412254 37.79067)"
10469000.0,PINE,ST,Downtown - Tenderloin,10469000,"LINESTRING (-122.41061 37.790874, -122.41099 37.79083)"
10468000.0,PINE,ST,Downtown - Tenderloin,10468000,"LINESTRING (-122.408966 37.791084, -122.41061 37.790874)"
10467000.0,PINE,ST,Downtown - Tenderloin,10467000,"LINESTRING (-122.40805 37.7912, -122.408966 37.791084)"
10465000.0,PINE,ST,Financial District North,10465000,"LINESTRING (-122.40573 37.791492, -122.40731 37.791294)"
10464000.0,PINE,ST,Financial District North,10464000,"LINESTRING (-122.405426 37.79153, -122.40573 37.791492)"
13173101.0,VAN NESS,AVE,Marina,13173101,"LINESTRING (-122.425095 37.804142, -122.42522 37.804222, -122.42537 37.804966, -122.425285 37.805073)"
13173201.0,VAN NESS,AVE,Russian Hill,13173201,"LINESTRING (-122.425095 37.804142, -122.42501 37.80425, -122.42516 37.804993, -122.425285 37.805073)"
13174201.0,VAN NESS,AVE,Marina,13174201,"LINESTRING (-122.425285 37.805073, -122.4252 37.80518, -122.425354 37.805927, -122.42546 37.805954)"
13143101.0,VAN NESS,AVE,Van Ness - Civic Center,13143101,"LINESTRING (-122.41924 37.775143, -122.41934 37.77523, -122.41938 37.775417)"
13143102.0,VAN NESS,AVE,Van Ness - Civic Center,13143102,"LINESTRING (-122.41938 37.775417, -122.41948 37.77589)"
13143103.0,VAN NESS,AVE,Van Ness - Civic Center,13143103,"LINESTRING (-122.41948 37.77589, -122.41955 37.776257, -122.419495 37.776363)"
13143201.0,VAN NESS,AVE,Van Ness - Civic Center,13143201,"LINESTRING (-122.41924 37.775143, -122.41919 37.77528, -122.419395 37.776276, -122.419495 37.776363)"
13144201.0,VAN NESS,AVE,Van Ness - Civic Center,13144201,"LINESTRING (-122.419495 37.776363, -122.41943 37.77647, -122.419586 37.777206, -122.41968 37.777294)"
13145101.0,VAN NESS,AVE,Van Ness - Civic Center,13145101,"LINESTRING (-122.41968 37.777294, -122.41978 37.77738, -122.41992 37.778114, -122.41987 37.778248)"
13145201.0,VAN NESS,AVE,Van Ness - Civic Center,13145201,"LINESTRING (-122.41968 37.777294, -122.419624 37.7774, -122.4197 37.777763)"
13145202.0,VAN NESS,AVE,Van Ness - Civic Center,13145202,"LINESTRING (-122.4197 37.777763, -122.41978 37.77814, -122.41987 37.778248)"
13146101.0,VAN NESS,AVE,Van Ness - Civic Center,13146101,"LINESTRING (-122.41987 37.778248, -122.41995 37.77831, -122.420296 37.77991, -122.420235 37.78007)"
13146201.0,VAN NESS,AVE,Van Ness - Civic Center,13146201,"LINESTRING (-122.41987 37.778248, -122.4198 37.77834, -122.42012 37.77993, -122.420235 37.78007)"
13147202.0,VAN NESS,AVE,Van Ness - Civic Center,13147202,"LINESTRING (-122.42024 37.78057, -122.42033 37.780926, -122.420425 37.781025)"
13156101.0,VAN NESS,AVE,Van Ness - Civic Center,13156101,"LINESTRING (-122.421936 37.788486, -122.42206 37.788567, -122.422134 37.788937)"
13148201.0,VAN NESS,AVE,Van Ness - Civic Center,13148201,"LINESTRING (-122.420425 37.781025, -122.420364 37.781136, -122.42044 37.781506)"
13148202.0,VAN NESS,AVE,Van Ness - Civic Center,13148202,"LINESTRING (-122.42044 37.781506, -122.42051 37.78187, -122.42062 37.781956)"
13149102.0,VAN NESS,AVE,Van Ness - Civic Center,13149102,"LINESTRING (-122.4208 37.782413, -122.42087 37.782772, -122.42081 37.78289)"
13149201.0,VAN NESS,AVE,Van Ness - Civic Center,13149201,"LINESTRING (-122.42062 37.781956, -122.420555 37.782066, -122.4207 37.782787, -122.42081 37.78289)"
13150101.0,VAN NESS,AVE,Van Ness - Civic Center,13150101,"LINESTRING (-122.42081 37.78289, -122.42089 37.78297, -122.42097 37.783348)"
13150102.0,VAN NESS,AVE,Van Ness - Civic Center,13150102,"LINESTRING (-122.42097 37.783348, -122.421036 37.783707, -122.421 37.783817)"
13150201.0,VAN NESS,AVE,Van Ness - Civic Center,13150201,"LINESTRING (-122.42081 37.78289, -122.42074 37.78299, -122.42082 37.783367)"
13151102.0,VAN NESS,AVE,Van Ness - Civic Center,13151102,"LINESTRING (-122.42116 37.78428, -122.42123 37.78463, -122.42118 37.784748)"
13151201.0,VAN NESS,AVE,Van Ness - Civic Center,13151201,"LINESTRING (-122.421 37.783817, -122.420944 37.783936, -122.421005 37.784298)"
13152102.0,VAN NESS,AVE,Van Ness - Civic Center,13152102,"LINESTRING (-122.42135 37.78521, -122.421425 37.78556, -122.42138 37.785683)"
13152101.0,VAN NESS,AVE,Van Ness - Civic Center,13152101,"LINESTRING (-122.42118 37.784748, -122.421265 37.78485, -122.42135 37.78521)"
13151202.0,VAN NESS,AVE,Van Ness - Civic Center,13151202,"LINESTRING (-122.421005 37.784298, -122.42109 37.78465, -122.42118 37.784748)"
13158101.0,VAN NESS,AVE,Pacific Heights,13158101,"LINESTRING (-122.42232 37.790363, -122.42244 37.790466, -122.422585 37.79118, -122.4225 37.791283)"
13161101.0,VAN NESS,AVE,Pacific Heights,13161101,"LINESTRING (-122.42286 37.793045, -122.42298 37.793125, -122.42312 37.793823, -122.423035 37.79393)"
13165101.0,VAN NESS,AVE,Pacific Heights,13165101,"LINESTRING (-122.42359 37.796684, -122.42371 37.79676, -122.42387 37.797504, -122.42378 37.79761)"
13168101.0,VAN NESS,AVE,Cow Hollow,13168101,"LINESTRING (-122.42416 37.79948, -122.42428 37.79956, -122.42443 37.80031, -122.42435 37.80041)"
13148101.0,VAN NESS,AVE,Van Ness - Civic Center,13148101,"LINESTRING (-122.420425 37.781025, -122.42054 37.78112, -122.42068 37.781845, -122.42062 37.781956)"
13171101.0,VAN NESS,AVE,Marina,13171101,"LINESTRING (-122.42472 37.802277, -122.42484 37.802357, -122.42499 37.8031, -122.424904 37.8032)"
13174101.0,VAN NESS,AVE,Marina,13174101,"LINESTRING (-122.425285 37.805073, -122.42541 37.805157, -122.42556 37.8059, -122.42546 37.805954)"
13144101.0,VAN NESS,AVE,Van Ness - Civic Center,13144101,"LINESTRING (-122.419495 37.776363, -122.41959 37.77645, -122.41974 37.777187, -122.41968 37.777294)"
13147101.0,VAN NESS,AVE,Van Ness - Civic Center,13147101,"LINESTRING (-122.420235 37.78007, -122.42033 37.780186, -122.42049 37.780903, -122.420425 37.781025)"
13149101.0,VAN NESS,AVE,Van Ness - Civic Center,13149101,"LINESTRING (-122.42062 37.781956, -122.42072 37.782047, -122.4208 37.782413)"
13151101.0,VAN NESS,AVE,Van Ness - Civic Center,13151101,"LINESTRING (-122.421 37.783817, -122.42108 37.78391, -122.42116 37.78428)"
13152201.0,VAN NESS,AVE,Van Ness - Civic Center,13152201,"LINESTRING (-122.42118 37.784748, -122.42112 37.78487, -122.4212 37.78523)"
13155101.0,VAN NESS,AVE,Van Ness - Civic Center,13155101,"LINESTRING (-122.421745 37.787544, -122.42187 37.787624, -122.42194 37.787994)"
13154202.0,VAN NESS,AVE,Van Ness - Civic Center,13154202,"LINESTRING (-122.42155 37.787083, -122.42162 37.787464, -122.421745 37.787544)"
13154102.0,VAN NESS,AVE,Van Ness - Civic Center,13154102,"LINESTRING (-122.42175 37.787056, -122.42183 37.787437, -122.421745 37.787544)"
13154101.0,VAN NESS,AVE,Van Ness - Civic Center,13154101,"LINESTRING (-122.421555 37.786613, -122.42168 37.786682, -122.42175 37.787056)"
13147201.0,VAN NESS,AVE,Van Ness - Civic Center,13147201,"LINESTRING (-122.420235 37.78007, -122.42016 37.78021, -122.42024 37.78057)"
13153202.0,VAN NESS,AVE,Van Ness - Civic Center,13153202,"LINESTRING (-122.421364 37.78616, -122.42143 37.786522, -122.421555 37.786613)"
13153201.0,VAN NESS,AVE,Van Ness - Civic Center,13153201,"LINESTRING (-122.42138 37.785683, -122.42129 37.78579, -122.421364 37.78616)"
13154201.0,VAN NESS,AVE,Van Ness - Civic Center,13154201,"LINESTRING (-122.421555 37.786613, -122.42147 37.78671, -122.42155 37.787083)"
13150202.0,VAN NESS,AVE,Van Ness - Civic Center,13150202,"LINESTRING (-122.42082 37.783367, -122.42089 37.78372, -122.421 37.783817)"
13153101.0,VAN NESS,AVE,Van Ness - Civic Center,13153101,"LINESTRING (-122.42138 37.785683, -122.42149 37.785763, -122.42164 37.7865, -122.421555 37.786613)"
15101000.0,VAN NESS,AVE,Marina,15101000,"LINESTRING (-122.42546 37.805954, -122.425476 37.806004, -122.42561 37.80645, -122.425766 37.80671, -122.42625 37.80718, -122.426476 37.807648, -122.4266 37.808147)"
13155102.0,VAN NESS,AVE,Van Ness - Civic Center,13155102,"LINESTRING (-122.42194 37.787994, -122.42202 37.78838, -122.421936 37.788486)"
13155201.0,VAN NESS,AVE,Van Ness - Civic Center,13155201,"LINESTRING (-122.421745 37.787544, -122.42166 37.78765, -122.42174 37.78802)"
13155202.0,VAN NESS,AVE,Van Ness - Civic Center,13155202,"LINESTRING (-122.42174 37.78802, -122.421814 37.788406, -122.421936 37.788486)"
13156102.0,VAN NESS,AVE,Van Ness - Civic Center,13156102,"LINESTRING (-122.422134 37.788937, -122.4222 37.7893, -122.42212 37.789406)"
13156201.0,VAN NESS,AVE,Van Ness - Civic Center,13156201,"LINESTRING (-122.421936 37.788486, -122.42185 37.78859, -122.42193 37.788963)"
13156202.0,VAN NESS,AVE,Van Ness - Civic Center,13156202,"LINESTRING (-122.42193 37.788963, -122.422 37.789326, -122.42212 37.789406)"
13157101.0,VAN NESS,AVE,Van Ness - Civic Center,13157101,"LINESTRING (-122.42212 37.789406, -122.42224 37.789486, -122.42239 37.790237, -122.42232 37.790363)"
13157201.0,VAN NESS,AVE,Van Ness - Civic Center,13157201,"LINESTRING (-122.42212 37.789406, -122.422035 37.789513, -122.42219 37.790264, -122.42232 37.790363)"
13158201.0,VAN NESS,AVE,Nob Hill,13158201,"LINESTRING (-122.42232 37.790363, -122.42223 37.790493, -122.42238 37.791203, -122.4225 37.791283)"
13159101.0,VAN NESS,AVE,Pacific Heights,13159101,"LINESTRING (-122.4225 37.791283, -122.42262 37.791363, -122.42277 37.792065, -122.42268 37.79217)"
13159201.0,VAN NESS,AVE,Nob Hill,13159201,"LINESTRING (-122.4225 37.791283, -122.42242 37.79139, -122.42256 37.79209, -122.42268 37.79217)"
13160101.0,VAN NESS,AVE,Pacific Heights,13160101,"LINESTRING (-122.42268 37.79217, -122.422806 37.79225, -122.42294 37.79294, -122.42286 37.793045)"
13160201.0,VAN NESS,AVE,Nob Hill,13160201,"LINESTRING (-122.42268 37.79217, -122.4226 37.792274, -122.42274 37.792965, -122.42286 37.793045)"
13161201.0,VAN NESS,AVE,Nob Hill,13161201,"LINESTRING (-122.42286 37.793045, -122.422775 37.79315, -122.42291 37.79385, -122.423035 37.79393)"
13162101.0,VAN NESS,AVE,Pacific Heights,13162101,"LINESTRING (-122.423035 37.79393, -122.42316 37.79401, -122.423294 37.794704, -122.42321 37.79481)"
13162201.0,VAN NESS,AVE,Nob Hill,13162201,"LINESTRING (-122.423035 37.79393, -122.42295 37.794037, -122.423096 37.79473, -122.42321 37.79481)"
13171201.0,VAN NESS,AVE,Russian Hill,13171201,"LINESTRING (-122.42472 37.802277, -122.42464 37.802383, -122.42479 37.803127, -122.424904 37.8032)"
13163101.0,VAN NESS,AVE,Pacific Heights,13163101,"LINESTRING (-122.42321 37.79481, -122.42333 37.79489, -122.42348 37.79561, -122.4234 37.79573)"
13163201.0,VAN NESS,AVE,Nob Hill,13163201,"LINESTRING (-122.42321 37.79481, -122.423134 37.794918, -122.42327 37.79563, -122.4234 37.79573)"
13164101.0,VAN NESS,AVE,Pacific Heights,13164101,"LINESTRING (-122.4234 37.79573, -122.42352 37.795834, -122.423676 37.796574, -122.42359 37.796684)"
13164201.0,VAN NESS,AVE,Russian Hill,13164201,"LINESTRING (-122.4234 37.79573, -122.42332 37.795856, -122.42347 37.7966, -122.42359 37.796684)"
13165201.0,VAN NESS,AVE,Russian Hill,13165201,"LINESTRING (-122.42359 37.796684, -122.42351 37.796787, -122.42366 37.79753, -122.42378 37.79761)"
13166101.0,VAN NESS,AVE,Pacific Heights,13166101,"LINESTRING (-122.42378 37.79761, -122.423904 37.79769, -122.42405 37.798443, -122.423965 37.798546)"
13166201.0,VAN NESS,AVE,Russian Hill,13166201,"LINESTRING (-122.42378 37.79761, -122.4237 37.797718, -122.42385 37.798466, -122.423965 37.798546)"
13167101.0,VAN NESS,AVE,Cow Hollow,13167101,"LINESTRING (-122.423965 37.798546, -122.42409 37.798626, -122.42424 37.799374, -122.42416 37.79948)"
13167201.0,VAN NESS,AVE,Russian Hill,13167201,"LINESTRING (-122.423965 37.798546, -122.42388 37.798653, -122.424034 37.7994, -122.42416 37.79948)"
13168201.0,VAN NESS,AVE,Russian Hill,13168201,"LINESTRING (-122.42416 37.79948, -122.42407 37.799587, -122.424225 37.800335, -122.42435 37.80041)"
13169101.0,VAN NESS,AVE,Cow Hollow,13169101,"LINESTRING (-122.42435 37.80041, -122.42447 37.80049, -122.42461 37.801197, -122.42452 37.8013)"
13169201.0,VAN NESS,AVE,Russian Hill,13169201,"LINESTRING (-122.42435 37.80041, -122.42426 37.800518, -122.42441 37.801224, -122.42452 37.8013)"
13170101.0,VAN NESS,AVE,Marina,13170101,"LINESTRING (-122.42452 37.8013, -122.42465 37.801422, -122.424805 37.80217, -122.42472 37.802277)"
13170201.0,VAN NESS,AVE,Russian Hill,13170201,"LINESTRING (-122.42452 37.8013, -122.424446 37.80145, -122.4246 37.802197, -122.42472 37.802277)"
13172101.0,VAN NESS,AVE,Marina,13172101,"LINESTRING (-122.424904 37.8032, -122.425026 37.803288, -122.42518 37.804024, -122.425095 37.804142)"
13172201.0,VAN NESS,AVE,Russian Hill,13172201,"LINESTRING (-122.424904 37.8032, -122.42482 37.803314, -122.42497 37.804058, -122.425095 37.804142)"
13152202.0,VAN NESS,AVE,Van Ness - Civic Center,13152202,"LINESTRING (-122.4212 37.78523, -122.42129 37.785587, -122.42138 37.785683)"
